year,state_po,county
2016,AL,Autauga
2016,AL,Baldwin
2016,AL,Barbour
2016,AL,Bibb
2016,AL,Blount
2016,AL,Bullock
2016,AL,Butler
2016,AL,Calhoun
2016,AL,Chambers
2016,AL,Cherokee
2016,AL,Chilton
2016,AL,Choctaw
2016,AL,Clarke
2016,AL,Clay
2016,AL,Cleburne
2016,AL,Coffee
2016,AL,Colbert
2016,AL,Conecuh
2016,AL,Coosa
2016,AL,Covington
2016,AL,Crenshaw
2016,AL,Cullman
2016,AL,Dale
2016,AL,Dallas
2016,AL,DeKalb
2016,AL,Elmore
2016,AL,Escambia
2016,AL,Etowah
2016,AL,Fayette
2016,AL,Franklin
2016,AL,Geneva
2016,AL,Greene
2016,AL,Hale
2016,AL,Henry
2016,AL,Houston
2016,AL,Jackson
2016,AL,Jefferson
2016,AL,Lamar
2016,AL,Lauderdale
2016,AL,Lawrence
2016,AL,Lee
2016,AL,Limestone
2016,AL,Lowndes
2016,AL,Macon
2016,AL,Madison
2016,AL,Marengo
2016,AL,Marion
2016,AL,Marshall
2016,AL,Mobile
2016,AL,Monroe
2016,AL,Montgomery
2016,AL,Morgan
2016,AL,Perry
2016,AL,Pickens
2016,AL,Pike
2016,AL,Randolph
2016,AL,Russell
2016,AL,St. Clair
2016,AL,Shelby
2016,AL,Sumter
2016,AL,Talladega
2016,AL,Tallapoosa
2016,AL,Tuscaloosa
2016,AL,Walker
2016,AL,Washington
2016,AL,Wilcox
2016,AL,Winston
2016,AK,District 1
2016,AK,District 2
2016,AK,District 3
2016,AK,District 4
2016,AK,District 5
2016,AK,District 6
2016,AK,District 7
2016,AK,District 8
2016,AK,District 9
2016,AK,District 10
2016,AK,District 11
2016,AK,District 12
2016,AK,District 13
2016,AK,District 14
2016,AK,District 15
2016,AK,District 16
2016,AK,District 17
2016,AK,District 18
2016,AK,District 19
2016,AK,District 20
2016,AK,District 21
2016,AK,District 22
2016,AK,District 23
2016,AK,District 24
2016,AK,District 25
2016,AK,District 26
2016,AK,District 27
2016,AK,District 28
2016,AK,District 29
2016,AK,District 30
2016,AK,District 31
2016,AK,District 32
2016,AK,District 33
2016,AK,District 34
2016,AK,District 35
2016,AK,District 36
2016,AK,District 37
2016,AK,District 38
2016,AK,District 39
2016,AK,District 40
2016,AZ,Apache
2016,AZ,Cochise
2016,AZ,Coconino
2016,AZ,Gila
2016,AZ,Graham
2016,AZ,Greenlee
2016,AZ,La Paz
2016,AZ,Maricopa
2016,AZ,Mohave
2016,AZ,Navajo
2016,AZ,Pima
2016,AZ,Pinal
2016,AZ,Santa Cruz
2016,AZ,Yavapai
2016,AZ,Yuma
2016,AR,Arkansas
2016,AR,Ashley
2016,AR,Baxter
2016,AR,Benton
2016,AR,Boone
2016,AR,Bradley
2016,AR,Calhoun
2016,AR,Carroll
2016,AR,Chicot
2016,AR,Clark
2016,AR,Clay
2016,AR,Cleburne
2016,AR,Cleveland
2016,AR,Columbia
2016,AR,Conway
2016,AR,Craighead
2016,AR,Crawford
2016,AR,Crittenden
2016,AR,Cross
2016,AR,Dallas
2016,AR,Desha
2016,AR,Drew
2016,AR,Faulkner
2016,AR,Franklin
2016,AR,Fulton
2016,AR,Garland
2016,AR,Grant
2016,AR,Greene
2016,AR,Hempstead
2016,AR,Hot Spring
2016,AR,Howard
2016,AR,Independence
2016,AR,Izard
2016,AR,Jackson
2016,AR,Jefferson
2016,AR,Johnson
2016,AR,Lafayette
2016,AR,Lawrence
2016,AR,Lee
2016,AR,Lincoln
2016,AR,Little River
2016,AR,Logan
2016,AR,Lonoke
2016,AR,Madison
2016,AR,Marion
2016,AR,Miller
2016,AR,Mississippi
2016,AR,Monroe
2016,AR,Montgomery
2016,AR,Nevada
2016,AR,Newton
2016,AR,Ouachita
2016,AR,Perry
2016,AR,Phillips
2016,AR,Pike
2016,AR,Poinsett
2016,AR,Polk
2016,AR,Pope
2016,AR,Prairie
2016,AR,Pulaski
2016,AR,Randolph
2016,AR,St. Francis
2016,AR,Saline
2016,AR,Scott
2016,AR,Searcy
2016,AR,Sebastian
2016,AR,Sevier
2016,AR,Sharp
2016,AR,Stone
2016,AR,Union
2016,AR,Van Buren
2016,AR,Washington
2016,AR,White
2016,AR,Woodruff
2016,AR,Yell
2016,CA,Alameda
2016,CA,Alpine
2016,CA,Amador
2016,CA,Butte
2016,CA,Calaveras
2016,CA,Colusa
2016,CA,Contra Costa
2016,CA,Del Norte
2016,CA,El Dorado
2016,CA,Fresno
2016,CA,Glenn
2016,CA,Humboldt
2016,CA,Imperial
2016,CA,Inyo
2016,CA,Kern
2016,CA,Kings
2016,CA,Lake
2016,CA,Lassen
2016,CA,Los Angeles
2016,CA,Madera
2016,CA,Marin
2016,CA,Mariposa
2016,CA,Mendocino
2016,CA,Merced
2016,CA,Modoc
2016,CA,Mono
2016,CA,Monterey
2016,CA,Napa
2016,CA,Nevada
2016,CA,Orange
2016,CA,Placer
2016,CA,Plumas
2016,CA,Riverside
2016,CA,Sacramento
2016,CA,San Benito
2016,CA,San Bernardino
2016,CA,San Diego
2016,CA,San Francisco
2016,CA,San Joaquin
2016,CA,San Luis Obispo
2016,CA,San Mateo
2016,CA,Santa Barbara
2016,CA,Santa Clara
2016,CA,Santa Cruz
2016,CA,Shasta
2016,CA,Sierra
2016,CA,Siskiyou
2016,CA,Solano
2016,CA,Sonoma
2016,CA,Stanislaus
2016,CA,Sutter
2016,CA,Tehama
2016,CA,Trinity
2016,CA,Tulare
2016,CA,Tuolumne
2016,CA,Ventura
2016,CA,Yolo
2016,CA,Yuba
2016,CO,Adams
2016,CO,Alamosa
2016,CO,Arapahoe
2016,CO,Archuleta
2016,CO,Baca
2016,CO,Bent
2016,CO,Boulder
2016,CO,Broomfield
2016,CO,Chaffee
2016,CO,Cheyenne
2016,CO,Clear Creek
2016,CO,Conejos
2016,CO,Costilla
2016,CO,Crowley
2016,CO,Custer
2016,CO,Delta
2016,CO,Denver
2016,CO,Dolores
2016,CO,Douglas
2016,CO,Eagle
2016,CO,Elbert
2016,CO,El Paso
2016,CO,Fremont
2016,CO,Garfield
2016,CO,Gilpin
2016,CO,Grand
2016,CO,Gunnison
2016,CO,Hinsdale
2016,CO,Huerfano
2016,CO,Jackson
2016,CO,Jefferson
2016,CO,Kiowa
2016,CO,Kit Carson
2016,CO,Lake
2016,CO,La Plata
2016,CO,Larimer
2016,CO,Las Animas
2016,CO,Lincoln
2016,CO,Logan
2016,CO,Mesa
2016,CO,Mineral
2016,CO,Moffat
2016,CO,Montezuma
2016,CO,Montrose
2016,CO,Morgan
2016,CO,Otero
2016,CO,Ouray
2016,CO,Park
2016,CO,Phillips
2016,CO,Pitkin
2016,CO,Prowers
2016,CO,Pueblo
2016,CO,Rio Blanco
2016,CO,Rio Grande
2016,CO,Routt
2016,CO,Saguache
2016,CO,San Juan
2016,CO,San Miguel
2016,CO,Sedgwick
2016,CO,Summit
2016,CO,Teller
2016,CO,Washington
2016,CO,Weld
2016,CO,Yuma
2016,CT,Fairfield
2016,CT,Hartford
2016,CT,Litchfield
2016,CT,Middlesex
2016,CT,New Haven
2016,CT,New London
2016,CT,Tolland
2016,CT,Windham
2016,DE,Kent
2016,DE,New Castle
2016,DE,Sussex
2016,DC,District of Columbia
2016,FL,Alachua
2016,FL,Baker
2016,FL,Bay
2016,FL,Bradford
2016,FL,Brevard
2016,FL,Broward
2016,FL,Calhoun
2016,FL,Charlotte
2016,FL,Citrus
2016,FL,Clay
2016,FL,Collier
2016,FL,Columbia
2016,FL,Desoto
2016,FL,Dixie
2016,FL,Duval
2016,FL,Escambia
2016,FL,Flagler
2016,FL,Franklin
2016,FL,Gadsden
2016,FL,Gilchrist
2016,FL,Glades
2016,FL,Gulf
2016,FL,Hamilton
2016,FL,Hardee
2016,FL,Hendry
2016,FL,Hernando
2016,FL,Highlands
2016,FL,Hillsborough
2016,FL,Holmes
2016,FL,Indian River
2016,FL,Jackson
2016,FL,Jefferson
2016,FL,Lafayette
2016,FL,Lake
2016,FL,Lee
2016,FL,Leon
2016,FL,Levy
2016,FL,Liberty
2016,FL,Madison
2016,FL,Manatee
2016,FL,Marion
2016,FL,Martin
2016,FL,Miami-Dade
2016,FL,Monroe
2016,FL,Nassau
2016,FL,Okaloosa
2016,FL,Okeechobee
2016,FL,Orange
2016,FL,Osceola
2016,FL,Palm Beach
2016,FL,Pasco
2016,FL,Pinellas
2016,FL,Polk
2016,FL,Putnam
2016,FL,St. Johns
2016,FL,St. Lucie
2016,FL,Santa Rosa
2016,FL,Sarasota
2016,FL,Seminole
2016,FL,Sumter
2016,FL,Suwannee
2016,FL,Taylor
2016,FL,Union
2016,FL,Volusia
2016,FL,Wakulla
2016,FL,Walton
2016,FL,Washington
2016,GA,Appling
2016,GA,Atkinson
2016,GA,Bacon
2016,GA,Baker
2016,GA,Baldwin
2016,GA,Banks
2016,GA,Barrow
2016,GA,Bartow
2016,GA,Ben Hill
2016,GA,Berrien
2016,GA,Bibb
2016,GA,Bleckley
2016,GA,Brantley
2016,GA,Brooks
2016,GA,Bryan
2016,GA,Bulloch
2016,GA,Burke
2016,GA,Butts
2016,GA,Calhoun
2016,GA,Camden
2016,GA,Candler
2016,GA,Carroll
2016,GA,Catoosa
2016,GA,Charlton
2016,GA,Chatham
2016,GA,Chattahoochee
2016,GA,Chattooga
2016,GA,Cherokee
2016,GA,Clarke
2016,GA,Clay
2016,GA,Clayton
2016,GA,Clinch
2016,GA,Cobb
2016,GA,Coffee
2016,GA,Colquitt
2016,GA,Columbia
2016,GA,Cook
2016,GA,Coweta
2016,GA,Crawford
2016,GA,Crisp
2016,GA,Dade
2016,GA,Dawson
2016,GA,Decatur
2016,GA,DeKalb
2016,GA,Dodge
2016,GA,Dooly
2016,GA,Dougherty
2016,GA,Douglas
2016,GA,Early
2016,GA,Echols
2016,GA,Effingham
2016,GA,Elbert
2016,GA,Emanuel
2016,GA,Evans
2016,GA,Fannin
2016,GA,Fayette
2016,GA,Floyd
2016,GA,Forsyth
2016,GA,Franklin
2016,GA,Fulton
2016,GA,Gilmer
2016,GA,Glascock
2016,GA,Glynn
2016,GA,Gordon
2016,GA,Grady
2016,GA,Greene
2016,GA,Gwinnett
2016,GA,Habersham
2016,GA,Hall
2016,GA,Hancock
2016,GA,Haralson
2016,GA,Harris
2016,GA,Hart
2016,GA,Heard
2016,GA,Henry
2016,GA,Houston
2016,GA,Irwin
2016,GA,Jackson
2016,GA,Jasper
2016,GA,Jeff Davis
2016,GA,Jefferson
2016,GA,Jenkins
2016,GA,Johnson
2016,GA,Jones
2016,GA,Lamar
2016,GA,Lanier
2016,GA,Laurens
2016,GA,Lee
2016,GA,Liberty
2016,GA,Lincoln
2016,GA,Long
2016,GA,Lowndes
2016,GA,Lumpkin
2016,GA,McDuffie
2016,GA,McIntosh
2016,GA,Macon
2016,GA,Madison
2016,GA,Marion
2016,GA,Meriwether
2016,GA,Miller
2016,GA,Mitchell
2016,GA,Monroe
2016,GA,Montgomery
2016,GA,Morgan
2016,GA,Murray
2016,GA,Muscogee
2016,GA,Newton
2016,GA,Oconee
2016,GA,Oglethorpe
2016,GA,Paulding
2016,GA,Peach
2016,GA,Pickens
2016,GA,Pierce
2016,GA,Pike
2016,GA,Polk
2016,GA,Pulaski
2016,GA,Putnam
2016,GA,Quitman
2016,GA,Rabun
2016,GA,Randolph
2016,GA,Richmond
2016,GA,Rockdale
2016,GA,Schley
2016,GA,Screven
2016,GA,Seminole
2016,GA,Spalding
2016,GA,Stephens
2016,GA,Stewart
2016,GA,Sumter
2016,GA,Talbot
2016,GA,Taliaferro
2016,GA,Tattnall
2016,GA,Taylor
2016,GA,Telfair
2016,GA,Terrell
2016,GA,Thomas
2016,GA,Tift
2016,GA,Toombs
2016,GA,Towns
2016,GA,Treutlen
2016,GA,Troup
2016,GA,Turner
2016,GA,Twiggs
2016,GA,Union
2016,GA,Upson
2016,GA,Walker
2016,GA,Walton
2016,GA,Ware
2016,GA,Warren
2016,GA,Washington
2016,GA,Wayne
2016,GA,Webster
2016,GA,Wheeler
2016,GA,White
2016,GA,Whitfield
2016,GA,Wilcox
2016,GA,Wilkes
2016,GA,Wilkinson
2016,GA,Worth
2016,HI,Hawaii
2016,HI,Honolulu
2016,HI,Kauai
2016,HI,Maui
2016,ID,Ada
2016,ID,Adams
2016,ID,Bannock
2016,ID,Bear Lake
2016,ID,Benewah
2016,ID,Bingham
2016,ID,Blaine
2016,ID,Boise
2016,ID,Bonner
2016,ID,Bonneville
2016,ID,Boundary
2016,ID,Butte
2016,ID,Camas
2016,ID,Canyon
2016,ID,Caribou
2016,ID,Cassia
2016,ID,Clark
2016,ID,Clearwater
2016,ID,Custer
2016,ID,Elmore
2016,ID,Franklin
2016,ID,Fremont
2016,ID,Gem
2016,ID,Gooding
2016,ID,Idaho
2016,ID,Jefferson
2016,ID,Jerome
2016,ID,Kootenai
2016,ID,Latah
2016,ID,Lemhi
2016,ID,Lewis
2016,ID,Lincoln
2016,ID,Madison
2016,ID,Minidoka
2016,ID,Nez Perce
2016,ID,Oneida
2016,ID,Owyhee
2016,ID,Payette
2016,ID,Power
2016,ID,Shoshone
2016,ID,Teton
2016,ID,Twin Falls
2016,ID,Valley
2016,ID,Washington
2016,IL,Adams
2016,IL,Alexander
2016,IL,Bond
2016,IL,Boone
2016,IL,Brown
2016,IL,Bureau
2016,IL,Calhoun
2016,IL,Carroll
2016,IL,Cass
2016,IL,Champaign
2016,IL,Christian
2016,IL,Clark
2016,IL,Clay
2016,IL,Clinton
2016,IL,Coles
2016,IL,Cook
2016,IL,Crawford
2016,IL,Cumberland
2016,IL,DeKalb
2016,IL,De Witt
2016,IL,Douglas
2016,IL,DuPage
2016,IL,Edgar
2016,IL,Edwards
2016,IL,Effingham
2016,IL,Fayette
2016,IL,Ford
2016,IL,Franklin
2016,IL,Fulton
2016,IL,Gallatin
2016,IL,Greene
2016,IL,Grundy
2016,IL,Hamilton
2016,IL,Hancock
2016,IL,Hardin
2016,IL,Henderson
2016,IL,Henry
2016,IL,Iroquois
2016,IL,Jackson
2016,IL,Jasper
2016,IL,Jefferson
2016,IL,Jersey
2016,IL,Jo Daviess
2016,IL,Johnson
2016,IL,Kane
2016,IL,Kankakee
2016,IL,Kendall
2016,IL,Knox
2016,IL,Lake
2016,IL,LaSalle
2016,IL,Lawrence
2016,IL,Lee
2016,IL,Livingston
2016,IL,Logan
2016,IL,McDonough
2016,IL,McHenry
2016,IL,McLean
2016,IL,Macon
2016,IL,Macoupin
2016,IL,Madison
2016,IL,Marion
2016,IL,Marshall
2016,IL,Mason
2016,IL,Massac
2016,IL,Menard
2016,IL,Mercer
2016,IL,Monroe
2016,IL,Montgomery
2016,IL,Morgan
2016,IL,Moultrie
2016,IL,Ogle
2016,IL,Peoria
2016,IL,Perry
2016,IL,Piatt
2016,IL,Pike
2016,IL,Pope
2016,IL,Pulaski
2016,IL,Putnam
2016,IL,Randolph
2016,IL,Richland
2016,IL,Rock Island
2016,IL,St. Clair
2016,IL,Saline
2016,IL,Sangamon
2016,IL,Schuyler
2016,IL,Scott
2016,IL,Shelby
2016,IL,Stark
2016,IL,Stephenson
2016,IL,Tazewell
2016,IL,Union
2016,IL,Vermilion
2016,IL,Wabash
2016,IL,Warren
2016,IL,Washington
2016,IL,Wayne
2016,IL,White
2016,IL,Whiteside
2016,IL,Will
2016,IL,Williamson
2016,IL,Winnebago
2016,IL,Woodford
2016,IN,Adams
2016,IN,Allen
2016,IN,Bartholomew
2016,IN,Benton
2016,IN,Blackford
2016,IN,Boone
2016,IN,Brown
2016,IN,Carroll
2016,IN,Cass
2016,IN,Clark
2016,IN,Clay
2016,IN,Clinton
2016,IN,Crawford
2016,IN,Daviess
2016,IN,Dearborn
2016,IN,Decatur
2016,IN,DeKalb
2016,IN,Delaware
2016,IN,Dubois
2016,IN,Elkhart
2016,IN,Fayette
2016,IN,Floyd
2016,IN,Fountain
2016,IN,Franklin
2016,IN,Fulton
2016,IN,Gibson
2016,IN,Grant
2016,IN,Greene
2016,IN,Hamilton
2016,IN,Hancock
2016,IN,Harrison
2016,IN,Hendricks
2016,IN,Henry
2016,IN,Howard
2016,IN,Huntington
2016,IN,Jackson
2016,IN,Jasper
2016,IN,Jay
2016,IN,Jefferson
2016,IN,Jennings
2016,IN,Johnson
2016,IN,Knox
2016,IN,Kosciusko
2016,IN,LaGrange
2016,IN,Lake
2016,IN,LaPorte
2016,IN,Lawrence
2016,IN,Madison
2016,IN,Marion
2016,IN,Marshall
2016,IN,Martin
2016,IN,Miami
2016,IN,Monroe
2016,IN,Montgomery
2016,IN,Morgan
2016,IN,Newton
2016,IN,Noble
2016,IN,Ohio
2016,IN,Orange
2016,IN,Owen
2016,IN,Parke
2016,IN,Perry
2016,IN,Pike
2016,IN,Porter
2016,IN,Posey
2016,IN,Pulaski
2016,IN,Putnam
2016,IN,Randolph
2016,IN,Ripley
2016,IN,Rush
2016,IN,St. Joseph
2016,IN,Scott
2016,IN,Shelby
2016,IN,Spencer
2016,IN,Starke
2016,IN,Steuben
2016,IN,Sullivan
2016,IN,Switzerland
2016,IN,Tippecanoe
2016,IN,Tipton
2016,IN,Union
2016,IN,Vanderburgh
2016,IN,Vermillion
2016,IN,Vigo
2016,IN,Wabash
2016,IN,Warren
2016,IN,Warrick
2016,IN,Washington
2016,IN,Wayne
2016,IN,Wells
2016,IN,White
2016,IN,Whitley
2016,IA,Adair
2016,IA,Adams
2016,IA,Allamakee
2016,IA,Appanoose
2016,IA,Audubon
2016,IA,Benton
2016,IA,Black Hawk
2016,IA,Boone
2016,IA,Bremer
2016,IA,Buchanan
2016,IA,Buena Vista
2016,IA,Butler
2016,IA,Calhoun
2016,IA,Carroll
2016,IA,Cass
2016,IA,Cedar
2016,IA,Cerro Gordo
2016,IA,Cherokee
2016,IA,Chickasaw
2016,IA,Clarke
2016,IA,Clay
2016,IA,Clayton
2016,IA,Clinton
2016,IA,Crawford
2016,IA,Dallas
2016,IA,Davis
2016,IA,Decatur
2016,IA,Delaware
2016,IA,Des Moines
2016,IA,Dickinson
2016,IA,Dubuque
2016,IA,Emmet
2016,IA,Fayette
2016,IA,Floyd
2016,IA,Franklin
2016,IA,Fremont
2016,IA,Greene
2016,IA,Grundy
2016,IA,Guthrie
2016,IA,Hamilton
2016,IA,Hancock
2016,IA,Hardin
2016,IA,Harrison
2016,IA,Henry
2016,IA,Howard
2016,IA,Humboldt
2016,IA,Ida
2016,IA,Iowa
2016,IA,Jackson
2016,IA,Jasper
2016,IA,Jefferson
2016,IA,Johnson
2016,IA,Jones
2016,IA,Keokuk
2016,IA,Kossuth
2016,IA,Lee
2016,IA,Linn
2016,IA,Louisa
2016,IA,Lucas
2016,IA,Lyon
2016,IA,Madison
2016,IA,Mahaska
2016,IA,Marion
2016,IA,Marshall
2016,IA,Mills
2016,IA,Mitchell
2016,IA,Monona
2016,IA,Monroe
2016,IA,Montgomery
2016,IA,Muscatine
2016,IA,O'Brien
2016,IA,Osceola
2016,IA,Page
2016,IA,Palo Alto
2016,IA,Plymouth
2016,IA,Pocahontas
2016,IA,Polk
2016,IA,Pottawattamie
2016,IA,Poweshiek
2016,IA,Ringgold
2016,IA,Sac
2016,IA,Scott
2016,IA,Shelby
2016,IA,Sioux
2016,IA,Story
2016,IA,Tama
2016,IA,Taylor
2016,IA,Union
2016,IA,Van Buren
2016,IA,Wapello
2016,IA,Warren
2016,IA,Washington
2016,IA,Wayne
2016,IA,Webster
2016,IA,Winnebago
2016,IA,Winneshiek
2016,IA,Woodbury
2016,IA,Worth
2016,IA,Wright
2016,KS,Allen
2016,KS,Anderson
2016,KS,Atchison
2016,KS,Barber
2016,KS,Barton
2016,KS,Bourbon
2016,KS,Brown
2016,KS,Butler
2016,KS,Chase
2016,KS,Chautauqua
2016,KS,Cherokee
2016,KS,Cheyenne
2016,KS,Clark
2016,KS,Clay
2016,KS,Cloud
2016,KS,Coffey
2016,KS,Comanche
2016,KS,Cowley
2016,KS,Crawford
2016,KS,Decatur
2016,KS,Dickinson
2016,KS,Doniphan
2016,KS,Douglas
2016,KS,Edwards
2016,KS,Elk
2016,KS,Ellis
2016,KS,Ellsworth
2016,KS,Finney
2016,KS,Ford
2016,KS,Franklin
2016,KS,Geary
2016,KS,Gove
2016,KS,Graham
2016,KS,Grant
2016,KS,Gray
2016,KS,Greeley
2016,KS,Greenwood
2016,KS,Hamilton
2016,KS,Harper
2016,KS,Harvey
2016,KS,Haskell
2016,KS,Hodgeman
2016,KS,Jackson
2016,KS,Jefferson
2016,KS,Jewell
2016,KS,Johnson
2016,KS,Kearny
2016,KS,Kingman
2016,KS,Kiowa
2016,KS,Labette
2016,KS,Lane
2016,KS,Leavenworth
2016,KS,Lincoln
2016,KS,Linn
2016,KS,Logan
2016,KS,Lyon
2016,KS,McPherson
2016,KS,Marion
2016,KS,Marshall
2016,KS,Meade
2016,KS,Miami
2016,KS,Mitchell
2016,KS,Montgomery
2016,KS,Morris
2016,KS,Morton
2016,KS,Nemaha
2016,KS,Neosho
2016,KS,Ness
2016,KS,Norton
2016,KS,Osage
2016,KS,Osborne
2016,KS,Ottawa
2016,KS,Pawnee
2016,KS,Phillips
2016,KS,Pottawatomie
2016,KS,Pratt
2016,KS,Rawlins
2016,KS,Reno
2016,KS,Republic
2016,KS,Rice
2016,KS,Riley
2016,KS,Rooks
2016,KS,Rush
2016,KS,Russell
2016,KS,Saline
2016,KS,Scott
2016,KS,Sedgwick
2016,KS,Seward
2016,KS,Shawnee
2016,KS,Sheridan
2016,KS,Sherman
2016,KS,Smith
2016,KS,Stafford
2016,KS,Stanton
2016,KS,Stevens
2016,KS,Sumner
2016,KS,Thomas
2016,KS,Trego
2016,KS,Wabaunsee
2016,KS,Wallace
2016,KS,Washington
2016,KS,Wichita
2016,KS,Wilson
2016,KS,Woodson
2016,KS,Wyandotte
2016,KY,Adair
2016,KY,Allen
2016,KY,Anderson
2016,KY,Ballard
2016,KY,Barren
2016,KY,Bath
2016,KY,Bell
2016,KY,Boone
2016,KY,Bourbon
2016,KY,Boyd
2016,KY,Boyle
2016,KY,Bracken
2016,KY,Breathitt
2016,KY,Breckinridge
2016,KY,Bullitt
2016,KY,Butler
2016,KY,Caldwell
2016,KY,Calloway
2016,KY,Campbell
2016,KY,Carlisle
2016,KY,Carroll
2016,KY,Carter
2016,KY,Casey
2016,KY,Christian
2016,KY,Clark
2016,KY,Clay
2016,KY,Clinton
2016,KY,Crittenden
2016,KY,Cumberland
2016,KY,Daviess
2016,KY,Edmonson
2016,KY,Elliott
2016,KY,Estill
2016,KY,Fayette
2016,KY,Fleming
2016,KY,Floyd
2016,KY,Franklin
2016,KY,Fulton
2016,KY,Gallatin
2016,KY,Garrard
2016,KY,Grant
2016,KY,Graves
2016,KY,Grayson
2016,KY,Green
2016,KY,Greenup
2016,KY,Hancock
2016,KY,Hardin
2016,KY,Harlan
2016,KY,Harrison
2016,KY,Hart
2016,KY,Henderson
2016,KY,Henry
2016,KY,Hickman
2016,KY,Hopkins
2016,KY,Jackson
2016,KY,Jefferson
2016,KY,Jessamine
2016,KY,Johnson
2016,KY,Kenton
2016,KY,Knott
2016,KY,Knox
2016,KY,Larue
2016,KY,Laurel
2016,KY,Lawrence
2016,KY,Lee
2016,KY,Leslie
2016,KY,Letcher
2016,KY,Lewis
2016,KY,Lincoln
2016,KY,Livingston
2016,KY,Logan
2016,KY,Lyon
2016,KY,McCracken
2016,KY,McCreary
2016,KY,McLean
2016,KY,Madison
2016,KY,Magoffin
2016,KY,Marion
2016,KY,Marshall
2016,KY,Martin
2016,KY,Mason
2016,KY,Meade
2016,KY,Menifee
2016,KY,Mercer
2016,KY,Metcalfe
2016,KY,Monroe
2016,KY,Montgomery
2016,KY,Morgan
2016,KY,Muhlenberg
2016,KY,Nelson
2016,KY,Nicholas
2016,KY,Ohio
2016,KY,Oldham
2016,KY,Owen
2016,KY,Owsley
2016,KY,Pendleton
2016,KY,Perry
2016,KY,Pike
2016,KY,Powell
2016,KY,Pulaski
2016,KY,Robertson
2016,KY,Rockcastle
2016,KY,Rowan
2016,KY,Russell
2016,KY,Scott
2016,KY,Shelby
2016,KY,Simpson
2016,KY,Spencer
2016,KY,Taylor
2016,KY,Todd
2016,KY,Trigg
2016,KY,Trimble
2016,KY,Union
2016,KY,Warren
2016,KY,Washington
2016,KY,Wayne
2016,KY,Webster
2016,KY,Whitley
2016,KY,Wolfe
2016,KY,Woodford
2016,LA,Acadia
2016,LA,Allen
2016,LA,Ascension
2016,LA,Assumption
2016,LA,Avoyelles
2016,LA,Beauregard
2016,LA,Bienville
2016,LA,Bossier
2016,LA,Caddo
2016,LA,Calcasieu
2016,LA,Caldwell
2016,LA,Cameron
2016,LA,Catahoula
2016,LA,Claiborne
2016,LA,Concordia
2016,LA,De Soto
2016,LA,East Baton Rouge
2016,LA,East Carroll
2016,LA,East Feliciana
2016,LA,Evangeline
2016,LA,Franklin
2016,LA,Grant
2016,LA,Iberia
2016,LA,Iberville
2016,LA,Jackson
2016,LA,Jefferson
2016,LA,Jefferson Davis
2016,LA,Lafayette
2016,LA,Lafourche
2016,LA,La Salle
2016,LA,Lincoln
2016,LA,Livingston
2016,LA,Madison
2016,LA,Morehouse
2016,LA,Natchitoches
2016,LA,Orleans
2016,LA,Ouachita
2016,LA,Plaquemines
2016,LA,Pointe Coupee
2016,LA,Rapides
2016,LA,Red River
2016,LA,Richland
2016,LA,Sabine
2016,LA,St. Bernard
2016,LA,St. Charles
2016,LA,St. Helena
2016,LA,St. James
2016,LA,St. John the Baptist
2016,LA,St. Landry
2016,LA,St. Martin
2016,LA,St. Mary
2016,LA,St. Tammany
2016,LA,Tangipahoa
2016,LA,Tensas
2016,LA,Terrebonne
2016,LA,Union
2016,LA,Vermilion
2016,LA,Vernon
2016,LA,Washington
2016,LA,Webster
2016,LA,West Baton Rouge
2016,LA,West Carroll
2016,LA,West Feliciana
2016,LA,Winn
2016,ME,Androscoggin
2016,ME,Aroostook
2016,ME,Cumberland
2016,ME,Franklin
2016,ME,Hancock
2016,ME,Kennebec
2016,ME,Knox
2016,ME,Lincoln
2016,ME,Oxford
2016,ME,Penobscot
2016,ME,Piscataquis
2016,ME,Sagadahoc
2016,ME,Somerset
2016,ME,Waldo
2016,ME,Washington
2016,ME,York
2016,MD,Allegany
2016,MD,Anne Arundel
2016,MD,Baltimore
2016,MD,Calvert
2016,MD,Caroline
2016,MD,Carroll
2016,MD,Cecil
2016,MD,Charles
2016,MD,Dorchester
2016,MD,Frederick
2016,MD,Garrett
2016,MD,Harford
2016,MD,Howard
2016,MD,Kent
2016,MD,Montgomery
2016,MD,Prince George's
2016,MD,Queen Anne's
2016,MD,St. Mary's
2016,MD,Somerset
2016,MD,Talbot
2016,MD,Washington
2016,MD,Wicomico
2016,MD,Worcester
2016,MD,Baltimore City
2016,MA,Barnstable
2016,MA,Berkshire
2016,MA,Bristol
2016,MA,Dukes
2016,MA,Essex
2016,MA,Franklin
2016,MA,Hampden
2016,MA,Hampshire
2016,MA,Middlesex
2016,MA,Nantucket
2016,MA,Norfolk
2016,MA,Plymouth
2016,MA,Suffolk
2016,MA,Worcester
2016,MI,Alcona
2016,MI,Alger
2016,MI,Allegan
2016,MI,Alpena
2016,MI,Antrim
2016,MI,Arenac
2016,MI,Baraga
2016,MI,Barry
2016,MI,Bay
2016,MI,Benzie
2016,MI,Berrien
2016,MI,Branch
2016,MI,Calhoun
2016,MI,Cass
2016,MI,Charlevoix
2016,MI,Cheboygan
2016,MI,Chippewa
2016,MI,Clare
2016,MI,Clinton
2016,MI,Crawford
2016,MI,Delta
2016,MI,Dickinson
2016,MI,Eaton
2016,MI,Emmet
2016,MI,Genesee
2016,MI,Gladwin
2016,MI,Gogebic
2016,MI,Grand Traverse
2016,MI,Gratiot
2016,MI,Hillsdale
2016,MI,Houghton
2016,MI,Huron
2016,MI,Ingham
2016,MI,Ionia
2016,MI,Iosco
2016,MI,Iron
2016,MI,Isabella
2016,MI,Jackson
2016,MI,Kalamazoo
2016,MI,Kalkaska
2016,MI,Kent
2016,MI,Keweenaw
2016,MI,Lake
2016,MI,Lapeer
2016,MI,Leelanau
2016,MI,Lenawee
2016,MI,Livingston
2016,MI,Luce
2016,MI,Mackinac
2016,MI,Macomb
2016,MI,Manistee
2016,MI,Marquette
2016,MI,Mason
2016,MI,Mecosta
2016,MI,Menominee
2016,MI,Midland
2016,MI,Missaukee
2016,MI,Monroe
2016,MI,Montcalm
2016,MI,Montmorency
2016,MI,Muskegon
2016,MI,Newaygo
2016,MI,Oakland
2016,MI,Oceana
2016,MI,Ogemaw
2016,MI,Ontonagon
2016,MI,Osceola
2016,MI,Oscoda
2016,MI,Otsego
2016,MI,Ottawa
2016,MI,Presque Isle
2016,MI,Roscommon
2016,MI,Saginaw
2016,MI,St. Clair
2016,MI,St. Joseph
2016,MI,Sanilac
2016,MI,Schoolcraft
2016,MI,Shiawassee
2016,MI,Tuscola
2016,MI,Van Buren
2016,MI,Washtenaw
2016,MI,Wayne
2016,MI,Wexford
2016,MN,Aitkin
2016,MN,Anoka
2016,MN,Becker
2016,MN,Beltrami
2016,MN,Benton
2016,MN,Big Stone
2016,MN,Blue Earth
2016,MN,Brown
2016,MN,Carlton
2016,MN,Carver
2016,MN,Cass
2016,MN,Chippewa
2016,MN,Chisago
2016,MN,Clay
2016,MN,Clearwater
2016,MN,Cook
2016,MN,Cottonwood
2016,MN,Crow Wing
2016,MN,Dakota
2016,MN,Dodge
2016,MN,Douglas
2016,MN,Faribault
2016,MN,Fillmore
2016,MN,Freeborn
2016,MN,Goodhue
2016,MN,Grant
2016,MN,Hennepin
2016,MN,Houston
2016,MN,Hubbard
2016,MN,Isanti
2016,MN,Itasca
2016,MN,Jackson
2016,MN,Kanabec
2016,MN,Kandiyohi
2016,MN,Kittson
2016,MN,Koochiching
2016,MN,Lac Qui Parle
2016,MN,Lake
2016,MN,Lake of the Woods
2016,MN,Le Sueur
2016,MN,Lincoln
2016,MN,Lyon
2016,MN,McLeod
2016,MN,Mahnomen
2016,MN,Marshall
2016,MN,Martin
2016,MN,Meeker
2016,MN,Mille Lacs
2016,MN,Morrison
2016,MN,Mower
2016,MN,Murray
2016,MN,Nicollet
2016,MN,Nobles
2016,MN,Norman
2016,MN,Olmsted
2016,MN,Otter Tail
2016,MN,Pennington
2016,MN,Pine
2016,MN,Pipestone
2016,MN,Polk
2016,MN,Pope
2016,MN,Ramsey
2016,MN,Red Lake
2016,MN,Redwood
2016,MN,Renville
2016,MN,Rice
2016,MN,Rock
2016,MN,Roseau
2016,MN,Saint Louis
2016,MN,Scott
2016,MN,Sherburne
2016,MN,Sibley
2016,MN,Stearns
2016,MN,Steele
2016,MN,Stevens
2016,MN,Swift
2016,MN,Todd
2016,MN,Traverse
2016,MN,Wabasha
2016,MN,Wadena
2016,MN,Waseca
2016,MN,Washington
2016,MN,Watonwan
2016,MN,Wilkin
2016,MN,Winona
2016,MN,Wright
2016,MN,Yellow Medicine
2016,MS,Adams
2016,MS,Alcorn
2016,MS,Amite
2016,MS,Attala
2016,MS,Benton
2016,MS,Bolivar
2016,MS,Calhoun
2016,MS,Carroll
2016,MS,Chickasaw
2016,MS,Choctaw
2016,MS,Claiborne
2016,MS,Clarke
2016,MS,Clay
2016,MS,Coahoma
2016,MS,Copiah
2016,MS,Covington
2016,MS,DeSoto
2016,MS,Forrest
2016,MS,Franklin
2016,MS,George
2016,MS,Greene
2016,MS,Grenada
2016,MS,Hancock
2016,MS,Harrison
2016,MS,Hinds
2016,MS,Holmes
2016,MS,Humphreys
2016,MS,Issaquena
2016,MS,Itawamba
2016,MS,Jackson
2016,MS,Jasper
2016,MS,Jefferson
2016,MS,Jefferson Davis
2016,MS,Jones
2016,MS,Kemper
2016,MS,Lafayette
2016,MS,Lamar
2016,MS,Lauderdale
2016,MS,Lawrence
2016,MS,Leake
2016,MS,Lee
2016,MS,Leflore
2016,MS,Lincoln
2016,MS,Lowndes
2016,MS,Madison
2016,MS,Marion
2016,MS,Marshall
2016,MS,Monroe
2016,MS,Montgomery
2016,MS,Neshoba
2016,MS,Newton
2016,MS,Noxubee
2016,MS,Oktibbeha
2016,MS,Panola
2016,MS,Pearl River
2016,MS,Perry
2016,MS,Pike
2016,MS,Pontotoc
2016,MS,Prentiss
2016,MS,Quitman
2016,MS,Rankin
2016,MS,Scott
2016,MS,Sharkey
2016,MS,Simpson
2016,MS,Smith
2016,MS,Stone
2016,MS,Sunflower
2016,MS,Tallahatchie
2016,MS,Tate
2016,MS,Tippah
2016,MS,Tishomingo
2016,MS,Tunica
2016,MS,Union
2016,MS,Walthall
2016,MS,Warren
2016,MS,Washington
2016,MS,Wayne
2016,MS,Webster
2016,MS,Wilkinson
2016,MS,Winston
2016,MS,Yalobusha
2016,MS,Yazoo
2016,MO,Adair
2016,MO,Andrew
2016,MO,Atchison
2016,MO,Audrain
2016,MO,Barry
2016,MO,Barton
2016,MO,Bates
2016,MO,Benton
2016,MO,Bollinger
2016,MO,Boone
2016,MO,Buchanan
2016,MO,Butler
2016,MO,Caldwell
2016,MO,Callaway
2016,MO,Camden
2016,MO,Cape Girardeau
2016,MO,Carroll
2016,MO,Carter
2016,MO,Cass
2016,MO,Cedar
2016,MO,Chariton
2016,MO,Christian
2016,MO,Clark
2016,MO,Clay
2016,MO,Clinton
2016,MO,Cole
2016,MO,Cooper
2016,MO,Crawford
2016,MO,Dade
2016,MO,Dallas
2016,MO,Daviess
2016,MO,DeKalb
2016,MO,Dent
2016,MO,Douglas
2016,MO,Dunklin
2016,MO,Franklin
2016,MO,Gasconade
2016,MO,Gentry
2016,MO,Greene
2016,MO,Grundy
2016,MO,Harrison
2016,MO,Henry
2016,MO,Hickory
2016,MO,Holt
2016,MO,Howard
2016,MO,Howell
2016,MO,Iron
2016,MO,Jackson
2016,MO,Jasper
2016,MO,Jefferson
2016,MO,Johnson
2016,MO,Knox
2016,MO,Laclede
2016,MO,Lafayette
2016,MO,Lawrence
2016,MO,Lewis
2016,MO,Lincoln
2016,MO,Linn
2016,MO,Livingston
2016,MO,McDonald
2016,MO,Macon
2016,MO,Madison
2016,MO,Maries
2016,MO,Marion
2016,MO,Mercer
2016,MO,Miller
2016,MO,Mississippi
2016,MO,Moniteau
2016,MO,Monroe
2016,MO,Montgomery
2016,MO,Morgan
2016,MO,New Madrid
2016,MO,Newton
2016,MO,Nodaway
2016,MO,Oregon
2016,MO,Osage
2016,MO,Ozark
2016,MO,Pemiscot
2016,MO,Perry
2016,MO,Pettis
2016,MO,Phelps
2016,MO,Pike
2016,MO,Platte
2016,MO,Polk
2016,MO,Pulaski
2016,MO,Putnam
2016,MO,Ralls
2016,MO,Randolph
2016,MO,Ray
2016,MO,Reynolds
2016,MO,Ripley
2016,MO,St. Charles
2016,MO,St. Clair
2016,MO,Ste. Genevieve
2016,MO,St. Francois
2016,MO,St. Louis County
2016,MO,Saline
2016,MO,Schuyler
2016,MO,Scotland
2016,MO,Scott
2016,MO,Shannon
2016,MO,Shelby
2016,MO,Stoddard
2016,MO,Stone
2016,MO,Sullivan
2016,MO,Taney
2016,MO,Texas
2016,MO,Vernon
2016,MO,Warren
2016,MO,Washington
2016,MO,Wayne
2016,MO,Webster
2016,MO,Worth
2016,MO,Wright
2016,MO,St. Louis City
2016,MT,Beaverhead
2016,MT,Big Horn
2016,MT,Blaine
2016,MT,Broadwater
2016,MT,Carbon
2016,MT,Carter
2016,MT,Cascade
2016,MT,Chouteau
2016,MT,Custer
2016,MT,Daniels
2016,MT,Dawson
2016,MT,Deer Lodge
2016,MT,Fallon
2016,MT,Fergus
2016,MT,Flathead
2016,MT,Gallatin
2016,MT,Garfield
2016,MT,Glacier
2016,MT,Golden Valley
2016,MT,Granite
2016,MT,Hill
2016,MT,Jefferson
2016,MT,Judith Basin
2016,MT,Lake
2016,MT,Lewis and Clark
2016,MT,Liberty
2016,MT,Lincoln
2016,MT,McCone
2016,MT,Madison
2016,MT,Meagher
2016,MT,Mineral
2016,MT,Missoula
2016,MT,Musselshell
2016,MT,Park
2016,MT,Petroleum
2016,MT,Phillips
2016,MT,Pondera
2016,MT,Powder River
2016,MT,Powell
2016,MT,Prairie
2016,MT,Ravalli
2016,MT,Richland
2016,MT,Roosevelt
2016,MT,Rosebud
2016,MT,Sanders
2016,MT,Sheridan
2016,MT,Silver Bow
2016,MT,Stillwater
2016,MT,Sweet Grass
2016,MT,Teton
2016,MT,Toole
2016,MT,Treasure
2016,MT,Valley
2016,MT,Wheatland
2016,MT,Wibaux
2016,MT,Yellowstone
2016,NE,Adams
2016,NE,Antelope
2016,NE,Arthur
2016,NE,Banner
2016,NE,Blaine
2016,NE,Boone
2016,NE,Box Butte
2016,NE,Boyd
2016,NE,Brown
2016,NE,Buffalo
2016,NE,Burt
2016,NE,Butler
2016,NE,Cass
2016,NE,Cedar
2016,NE,Chase
2016,NE,Cherry
2016,NE,Cheyenne
2016,NE,Clay
2016,NE,Colfax
2016,NE,Cuming
2016,NE,Custer
2016,NE,Dakota
2016,NE,Dawes
2016,NE,Dawson
2016,NE,Deuel
2016,NE,Dixon
2016,NE,Dodge
2016,NE,Douglas
2016,NE,Dundy
2016,NE,Fillmore
2016,NE,Franklin
2016,NE,Frontier
2016,NE,Furnas
2016,NE,Gage
2016,NE,Garden
2016,NE,Garfield
2016,NE,Gosper
2016,NE,Grant
2016,NE,Greeley
2016,NE,Hall
2016,NE,Hamilton
2016,NE,Harlan
2016,NE,Hayes
2016,NE,Hitchcock
2016,NE,Holt
2016,NE,Hooker
2016,NE,Howard
2016,NE,Jefferson
2016,NE,Johnson
2016,NE,Kearney
2016,NE,Keith
2016,NE,Keya Paha
2016,NE,Kimball
2016,NE,Knox
2016,NE,Lancaster
2016,NE,Lincoln
2016,NE,Logan
2016,NE,Loup
2016,NE,McPherson
2016,NE,Madison
2016,NE,Merrick
2016,NE,Morrill
2016,NE,Nance
2016,NE,Nemaha
2016,NE,Nuckolls
2016,NE,Otoe
2016,NE,Pawnee
2016,NE,Perkins
2016,NE,Phelps
2016,NE,Pierce
2016,NE,Platte
2016,NE,Polk
2016,NE,Red Willow
2016,NE,Richardson
2016,NE,Rock
2016,NE,Saline
2016,NE,Sarpy
2016,NE,Saunders
2016,NE,Scotts Bluff
2016,NE,Seward
2016,NE,Sheridan
2016,NE,Sherman
2016,NE,Sioux
2016,NE,Stanton
2016,NE,Thayer
2016,NE,Thomas
2016,NE,Thurston
2016,NE,Valley
2016,NE,Washington
2016,NE,Wayne
2016,NE,Webster
2016,NE,Wheeler
2016,NE,York
2016,NV,Churchill
2016,NV,Clark
2016,NV,Douglas
2016,NV,Elko
2016,NV,Esmeralda
2016,NV,Eureka
2016,NV,Humboldt
2016,NV,Lander
2016,NV,Lincoln
2016,NV,Lyon
2016,NV,Mineral
2016,NV,Nye
2016,NV,Pershing
2016,NV,Storey
2016,NV,Washoe
2016,NV,White Pine
2016,NV,Carson City
2016,NH,Belknap
2016,NH,Carroll
2016,NH,Cheshire
2016,NH,Coos
2016,NH,Grafton
2016,NH,Hillsborough
2016,NH,Merrimack
2016,NH,Rockingham
2016,NH,Strafford
2016,NH,Sullivan
2016,NJ,Atlantic
2016,NJ,Bergen
2016,NJ,Burlington
2016,NJ,Camden
2016,NJ,Cape May
2016,NJ,Cumberland
2016,NJ,Essex
2016,NJ,Gloucester
2016,NJ,Hudson
2016,NJ,Hunterdon
2016,NJ,Mercer
2016,NJ,Middlesex
2016,NJ,Monmouth
2016,NJ,Morris
2016,NJ,Ocean
2016,NJ,Passaic
2016,NJ,Salem
2016,NJ,Somerset
2016,NJ,Sussex
2016,NJ,Union
2016,NJ,Warren
2016,NM,Bernalillo
2016,NM,Catron
2016,NM,Chaves
2016,NM,Cibola
2016,NM,Colfax
2016,NM,Curry
2016,NM,De Baca
2016,NM,Dona Ana
2016,NM,Eddy
2016,NM,Grant
2016,NM,Guadalupe
2016,NM,Harding
2016,NM,Hidalgo
2016,NM,Lea
2016,NM,Lincoln
2016,NM,Los Alamos
2016,NM,Luna
2016,NM,McKinley
2016,NM,Mora
2016,NM,Otero
2016,NM,Quay
2016,NM,Rio Arriba
2016,NM,Roosevelt
2016,NM,Sandoval
2016,NM,San Juan
2016,NM,San Miguel
2016,NM,Santa Fe
2016,NM,Sierra
2016,NM,Socorro
2016,NM,Taos
2016,NM,Torrance
2016,NM,Union
2016,NM,Valencia
2016,MO,Kansas City
2016,NY,Albany
2016,NY,Allegany
2016,NY,Bronx
2016,NY,Broome
2016,NY,Cattaraugus
2016,NY,Cayuga
2016,NY,Chautauqua
2016,NY,Chemung
2016,NY,Chenango
2016,NY,Clinton
2016,NY,Columbia
2016,NY,Cortland
2016,NY,Delaware
2016,NY,Dutchess
2016,NY,Erie
2016,NY,Essex
2016,NY,Franklin
2016,NY,Fulton
2016,NY,Genesee
2016,NY,Greene
2016,NY,Hamilton
2016,NY,Herkimer
2016,NY,Jefferson
2016,NY,Kings
2016,NY,Lewis
2016,NY,Livingston
2016,NY,Madison
2016,NY,Monroe
2016,NY,Montgomery
2016,NY,Nassau
2016,NY,New York
2016,NY,Niagara
2016,NY,Oneida
2016,NY,Onondaga
2016,NY,Ontario
2016,NY,Orange
2016,NY,Orleans
2016,NY,Oswego
2016,NY,Otsego
2016,NY,Putnam
2016,NY,Queens
2016,NY,Rensselaer
2016,NY,Richmond
2016,NY,Rockland
2016,NY,St. Lawrence
2016,NY,Saratoga
2016,NY,Schenectady
2016,NY,Schoharie
2016,NY,Schuyler
2016,NY,Seneca
2016,NY,Steuben
2016,NY,Suffolk
2016,NY,Sullivan
2016,NY,Tioga
2016,NY,Tompkins
2016,NY,Ulster
2016,NY,Warren
2016,NY,Washington
2016,NY,Wayne
2016,NY,Westchester
2016,NY,Wyoming
2016,NY,Yates
2016,NC,Alamance
2016,NC,Alexander
2016,NC,Alleghany
2016,NC,Anson
2016,NC,Ashe
2016,NC,Avery
2016,NC,Beaufort
2016,NC,Bertie
2016,NC,Bladen
2016,NC,Brunswick
2016,NC,Buncombe
2016,NC,Burke
2016,NC,Cabarrus
2016,NC,Caldwell
2016,NC,Camden
2016,NC,Carteret
2016,NC,Caswell
2016,NC,Catawba
2016,NC,Chatham
2016,NC,Cherokee
2016,NC,Chowan
2016,NC,Clay
2016,NC,Cleveland
2016,NC,Columbus
2016,NC,Craven
2016,NC,Cumberland
2016,NC,Currituck
2016,NC,Dare
2016,NC,Davidson
2016,NC,Davie
2016,NC,Duplin
2016,NC,Durham
2016,NC,Edgecombe
2016,NC,Forsyth
2016,NC,Franklin
2016,NC,Gaston
2016,NC,Gates
2016,NC,Graham
2016,NC,Granville
2016,NC,Greene
2016,NC,Guilford
2016,NC,Halifax
2016,NC,Harnett
2016,NC,Haywood
2016,NC,Henderson
2016,NC,Hertford
2016,NC,Hoke
2016,NC,Hyde
2016,NC,Iredell
2016,NC,Jackson
2016,NC,Johnston
2016,NC,Jones
2016,NC,Lee
2016,NC,Lenoir
2016,NC,Lincoln
2016,NC,McDowell
2016,NC,Macon
2016,NC,Madison
2016,NC,Martin
2016,NC,Mecklenburg
2016,NC,Mitchell
2016,NC,Montgomery
2016,NC,Moore
2016,NC,Nash
2016,NC,New Hanover
2016,NC,Northampton
2016,NC,Onslow
2016,NC,Orange
2016,NC,Pamlico
2016,NC,Pasquotank
2016,NC,Pender
2016,NC,Perquimans
2016,NC,Person
2016,NC,Pitt
2016,NC,Polk
2016,NC,Randolph
2016,NC,Richmond
2016,NC,Robeson
2016,NC,Rockingham
2016,NC,Rowan
2016,NC,Rutherford
2016,NC,Sampson
2016,NC,Scotland
2016,NC,Stanly
2016,NC,Stokes
2016,NC,Surry
2016,NC,Swain
2016,NC,Transylvania
2016,NC,Tyrrell
2016,NC,Union
2016,NC,Vance
2016,NC,Wake
2016,NC,Warren
2016,NC,Washington
2016,NC,Watauga
2016,NC,Wayne
2016,NC,Wilkes
2016,NC,Wilson
2016,NC,Yadkin
2016,NC,Yancey
2016,ND,Adams
2016,ND,Barnes
2016,ND,Benson
2016,ND,Billings
2016,ND,Bottineau
2016,ND,Bowman
2016,ND,Burke
2016,ND,Burleigh
2016,ND,Cass
2016,ND,Cavalier
2016,ND,Dickey
2016,ND,Divide
2016,ND,Dunn
2016,ND,Eddy
2016,ND,Emmons
2016,ND,Foster
2016,ND,Golden Valley
2016,ND,Grand Forks
2016,ND,Grant
2016,ND,Griggs
2016,ND,Hettinger
2016,ND,Kidder
2016,ND,LaMoure
2016,ND,Logan
2016,ND,McHenry
2016,ND,McIntosh
2016,ND,McKenzie
2016,ND,McLean
2016,ND,Mercer
2016,ND,Morton
2016,ND,Mountrail
2016,ND,Nelson
2016,ND,Oliver
2016,ND,Pembina
2016,ND,Pierce
2016,ND,Ramsey
2016,ND,Ransom
2016,ND,Renville
2016,ND,Richland
2016,ND,Rolette
2016,ND,Sargent
2016,ND,Sheridan
2016,ND,Sioux
2016,ND,Slope
2016,ND,Stark
2016,ND,Steele
2016,ND,Stutsman
2016,ND,Towner
2016,ND,Traill
2016,ND,Walsh
2016,ND,Ward
2016,ND,Wells
2016,ND,Williams
2016,OH,Adams
2016,OH,Allen
2016,OH,Ashland
2016,OH,Ashtabula
2016,OH,Athens
2016,OH,Auglaize
2016,OH,Belmont
2016,OH,Brown
2016,OH,Butler
2016,OH,Carroll
2016,OH,Champaign
2016,OH,Clark
2016,OH,Clermont
2016,OH,Clinton
2016,OH,Columbiana
2016,OH,Coshocton
2016,OH,Crawford
2016,OH,Cuyahoga
2016,OH,Darke
2016,OH,Defiance
2016,OH,Delaware
2016,OH,Erie
2016,OH,Fairfield
2016,OH,Fayette
2016,OH,Franklin
2016,OH,Fulton
2016,OH,Gallia
2016,OH,Geauga
2016,OH,Greene
2016,OH,Guernsey
2016,OH,Hamilton
2016,OH,Hancock
2016,OH,Hardin
2016,OH,Harrison
2016,OH,Henry
2016,OH,Highland
2016,OH,Hocking
2016,OH,Holmes
2016,OH,Huron
2016,OH,Jackson
2016,OH,Jefferson
2016,OH,Knox
2016,OH,Lake
2016,OH,Lawrence
2016,OH,Licking
2016,OH,Logan
2016,OH,Lorain
2016,OH,Lucas
2016,OH,Madison
2016,OH,Mahoning
2016,OH,Marion
2016,OH,Medina
2016,OH,Meigs
2016,OH,Mercer
2016,OH,Miami
2016,OH,Monroe
2016,OH,Montgomery
2016,OH,Morgan
2016,OH,Morrow
2016,OH,Muskingum
2016,OH,Noble
2016,OH,Ottawa
2016,OH,Paulding
2016,OH,Perry
2016,OH,Pickaway
2016,OH,Pike
2016,OH,Portage
2016,OH,Preble
2016,OH,Putnam
2016,OH,Richland
2016,OH,Ross
2016,OH,Sandusky
2016,OH,Scioto
2016,OH,Seneca
2016,OH,Shelby
2016,OH,Stark
2016,OH,Summit
2016,OH,Trumbull
2016,OH,Tuscarawas
2016,OH,Union
2016,OH,Van Wert
2016,OH,Vinton
2016,OH,Warren
2016,OH,Washington
2016,OH,Wayne
2016,OH,Williams
2016,OH,Wood
2016,OH,Wyandot
2016,OK,Adair
2016,OK,Alfalfa
2016,OK,Atoka
2016,OK,Beaver
2016,OK,Beckham
2016,OK,Blaine
2016,OK,Bryan
2016,OK,Caddo
2016,OK,Canadian
2016,OK,Carter
2016,OK,Cherokee
2016,OK,Choctaw
2016,OK,Cimarron
2016,OK,Cleveland
2016,OK,Coal
2016,OK,Comanche
2016,OK,Cotton
2016,OK,Craig
2016,OK,Creek
2016,OK,Custer
2016,OK,Delaware
2016,OK,Dewey
2016,OK,Ellis
2016,OK,Garfield
2016,OK,Garvin
2016,OK,Grady
2016,OK,Grant
2016,OK,Greer
2016,OK,Harmon
2016,OK,Harper
2016,OK,Haskell
2016,OK,Hughes
2016,OK,Jackson
2016,OK,Jefferson
2016,OK,Johnston
2016,OK,Kay
2016,OK,Kingfisher
2016,OK,Kiowa
2016,OK,Latimer
2016,OK,Le Flore
2016,OK,Lincoln
2016,OK,Logan
2016,OK,Love
2016,OK,McClain
2016,OK,McCurtain
2016,OK,McIntosh
2016,OK,Major
2016,OK,Marshall
2016,OK,Mayes
2016,OK,Murray
2016,OK,Muskogee
2016,OK,Noble
2016,OK,Nowata
2016,OK,Okfuskee
2016,OK,Oklahoma
2016,OK,Okmulgee
2016,OK,Osage
2016,OK,Ottawa
2016,OK,Pawnee
2016,OK,Payne
2016,OK,Pittsburg
2016,OK,Pontotoc
2016,OK,Pottawatomie
2016,OK,Pushmataha
2016,OK,Roger Mills
2016,OK,Rogers
2016,OK,Seminole
2016,OK,Sequoyah
2016,OK,Stephens
2016,OK,Texas
2016,OK,Tillman
2016,OK,Tulsa
2016,OK,Wagoner
2016,OK,Washington
2016,OK,Washita
2016,OK,Woods
2016,OK,Woodward
2016,OR,Baker
2016,OR,Benton
2016,OR,Clackamas
2016,OR,Clatsop
2016,OR,Columbia
2016,OR,Coos
2016,OR,Crook
2016,OR,Curry
2016,OR,Deschutes
2016,OR,Douglas
2016,OR,Gilliam
2016,OR,Grant
2016,OR,Harney
2016,OR,Hood River
2016,OR,Jackson
2016,OR,Jefferson
2016,OR,Josephine
2016,OR,Klamath
2016,OR,Lake
2016,OR,Lane
2016,OR,Lincoln
2016,OR,Linn
2016,OR,Malheur
2016,OR,Marion
2016,OR,Morrow
2016,OR,Multnomah
2016,OR,Polk
2016,OR,Sherman
2016,OR,Tillamook
2016,OR,Umatilla
2016,OR,Union
2016,OR,Wallowa
2016,OR,Wasco
2016,OR,Washington
2016,OR,Wheeler
2016,OR,Yamhill
2016,PA,Adams
2016,PA,Allegheny
2016,PA,Armstrong
2016,PA,Beaver
2016,PA,Bedford
2016,PA,Berks
2016,PA,Blair
2016,PA,Bradford
2016,PA,Bucks
2016,PA,Butler
2016,PA,Cambria
2016,PA,Cameron
2016,PA,Carbon
2016,PA,Centre
2016,PA,Chester
2016,PA,Clarion
2016,PA,Clearfield
2016,PA,Clinton
2016,PA,Columbia
2016,PA,Crawford
2016,PA,Cumberland
2016,PA,Dauphin
2016,PA,Delaware
2016,PA,Elk
2016,PA,Erie
2016,PA,Fayette
2016,PA,Forest
2016,PA,Franklin
2016,PA,Fulton
2016,PA,Greene
2016,PA,Huntingdon
2016,PA,Indiana
2016,PA,Jefferson
2016,PA,Juniata
2016,PA,Lackawanna
2016,PA,Lancaster
2016,PA,Lawrence
2016,PA,Lebanon
2016,PA,Lehigh
2016,PA,Luzerne
2016,PA,Lycoming
2016,PA,McKean
2016,PA,Mercer
2016,PA,Mifflin
2016,PA,Monroe
2016,PA,Montgomery
2016,PA,Montour
2016,PA,Northampton
2016,PA,Northumberland
2016,PA,Perry
2016,PA,Philadelphia
2016,PA,Pike
2016,PA,Potter
2016,PA,Schuylkill
2016,PA,Snyder
2016,PA,Somerset
2016,PA,Sullivan
2016,PA,Susquehanna
2016,PA,Tioga
2016,PA,Union
2016,PA,Venango
2016,PA,Warren
2016,PA,Washington
2016,PA,Wayne
2016,PA,Westmoreland
2016,PA,Wyoming
2016,PA,York
2016,RI,Bristol
2016,RI,Kent
2016,RI,Newport
2016,RI,Providence
2016,RI,Washington
2016,SC,Abbeville
2016,SC,Aiken
2016,SC,Allendale
2016,SC,Anderson
2016,SC,Bamberg
2016,SC,Barnwell
2016,SC,Beaufort
2016,SC,Berkeley
2016,SC,Calhoun
2016,SC,Charleston
2016,SC,Cherokee
2016,SC,Chester
2016,SC,Chesterfield
2016,SC,Clarendon
2016,SC,Colleton
2016,SC,Darlington
2016,SC,Dillon
2016,SC,Dorchester
2016,SC,Edgefield
2016,SC,Fairfield
2016,SC,Florence
2016,SC,Georgetown
2016,SC,Greenville
2016,SC,Greenwood
2016,SC,Hampton
2016,SC,Horry
2016,SC,Jasper
2016,SC,Kershaw
2016,SC,Lancaster
2016,SC,Laurens
2016,SC,Lee
2016,SC,Lexington
2016,SC,McCormick
2016,SC,Marion
2016,SC,Marlboro
2016,SC,Newberry
2016,SC,Oconee
2016,SC,Orangeburg
2016,SC,Pickens
2016,SC,Richland
2016,SC,Saluda
2016,SC,Spartanburg
2016,SC,Sumter
2016,SC,Union
2016,SC,Williamsburg
2016,SC,York
2016,SD,Aurora
2016,SD,Beadle
2016,SD,Bennett
2016,SD,Bon Homme
2016,SD,Brookings
2016,SD,Brown
2016,SD,Brule
2016,SD,Buffalo
2016,SD,Butte
2016,SD,Campbell
2016,SD,Charles Mix
2016,SD,Clark
2016,SD,Clay
2016,SD,Codington
2016,SD,Corson
2016,SD,Custer
2016,SD,Davison
2016,SD,Day
2016,SD,Deuel
2016,SD,Dewey
2016,SD,Douglas
2016,SD,Edmunds
2016,SD,Fall River
2016,SD,Faulk
2016,SD,Grant
2016,SD,Gregory
2016,SD,Haakon
2016,SD,Hamlin
2016,SD,Hand
2016,SD,Hanson
2016,SD,Harding
2016,SD,Hughes
2016,SD,Hutchinson
2016,SD,Hyde
2016,SD,Jackson
2016,SD,Jerauld
2016,SD,Jones
2016,SD,Kingsbury
2016,SD,Lake
2016,SD,Lawrence
2016,SD,Lincoln
2016,SD,Lyman
2016,SD,McCook
2016,SD,McPherson
2016,SD,Marshall
2016,SD,Meade
2016,SD,Mellette
2016,SD,Miner
2016,SD,Minnehaha
2016,SD,Moody
2016,SD,Pennington
2016,SD,Perkins
2016,SD,Potter
2016,SD,Roberts
2016,SD,Sanborn
2016,SD,Oglala Lakota
2016,SD,Spink
2016,SD,Stanley
2016,SD,Sully
2016,SD,Todd
2016,SD,Tripp
2016,SD,Turner
2016,SD,Union
2016,SD,Walworth
2016,SD,Yankton
2016,SD,Ziebach
2016,TN,Anderson
2016,TN,Bedford
2016,TN,Benton
2016,TN,Bledsoe
2016,TN,Blount
2016,TN,Bradley
2016,TN,Campbell
2016,TN,Cannon
2016,TN,Carroll
2016,TN,Carter
2016,TN,Cheatham
2016,TN,Chester
2016,TN,Claiborne
2016,TN,Clay
2016,TN,Cocke
2016,TN,Coffee
2016,TN,Crockett
2016,TN,Cumberland
2016,TN,Davidson
2016,TN,Decatur
2016,TN,DeKalb
2016,TN,Dickson
2016,TN,Dyer
2016,TN,Fayette
2016,TN,Fentress
2016,TN,Franklin
2016,TN,Gibson
2016,TN,Giles
2016,TN,Grainger
2016,TN,Greene
2016,TN,Grundy
2016,TN,Hamblen
2016,TN,Hamilton
2016,TN,Hancock
2016,TN,Hardeman
2016,TN,Hardin
2016,TN,Hawkins
2016,TN,Haywood
2016,TN,Henderson
2016,TN,Henry
2016,TN,Hickman
2016,TN,Houston
2016,TN,Humphreys
2016,TN,Jackson
2016,TN,Jefferson
2016,TN,Johnson
2016,TN,Knox
2016,TN,Lake
2016,TN,Lauderdale
2016,TN,Lawrence
2016,TN,Lewis
2016,TN,Lincoln
2016,TN,Loudon
2016,TN,McMinn
2016,TN,McNairy
2016,TN,Macon
2016,TN,Madison
2016,TN,Marion
2016,TN,Marshall
2016,TN,Maury
2016,TN,Meigs
2016,TN,Monroe
2016,TN,Montgomery
2016,TN,Moore
2016,TN,Morgan
2016,TN,Obion
2016,TN,Overton
2016,TN,Perry
2016,TN,Pickett
2016,TN,Polk
2016,TN,Putnam
2016,TN,Rhea
2016,TN,Roane
2016,TN,Robertson
2016,TN,Rutherford
2016,TN,Scott
2016,TN,Sequatchie
2016,TN,Sevier
2016,TN,Shelby
2016,TN,Smith
2016,TN,Stewart
2016,TN,Sullivan
2016,TN,Sumner
2016,TN,Tipton
2016,TN,Trousdale
2016,TN,Unicoi
2016,TN,Union
2016,TN,Van Buren
2016,TN,Warren
2016,TN,Washington
2016,TN,Wayne
2016,TN,Weakley
2016,TN,White
2016,TN,Williamson
2016,TN,Wilson
2016,TX,Anderson
2016,TX,Andrews
2016,TX,Angelina
2016,TX,Aransas
2016,TX,Archer
2016,TX,Armstrong
2016,TX,Atascosa
2016,TX,Austin
2016,TX,Bailey
2016,TX,Bandera
2016,TX,Bastrop
2016,TX,Baylor
2016,TX,Bee
2016,TX,Bell
2016,TX,Bexar
2016,TX,Blanco
2016,TX,Borden
2016,TX,Bosque
2016,TX,Bowie
2016,TX,Brazoria
2016,TX,Brazos
2016,TX,Brewster
2016,TX,Briscoe
2016,TX,Brooks
2016,TX,Brown
2016,TX,Burleson
2016,TX,Burnet
2016,TX,Caldwell
2016,TX,Calhoun
2016,TX,Callahan
2016,TX,Cameron
2016,TX,Camp
2016,TX,Carson
2016,TX,Cass
2016,TX,Castro
2016,TX,Chambers
2016,TX,Cherokee
2016,TX,Childress
2016,TX,Clay
2016,TX,Cochran
2016,TX,Coke
2016,TX,Coleman
2016,TX,Collin
2016,TX,Collingsworth
2016,TX,Colorado
2016,TX,Comal
2016,TX,Comanche
2016,TX,Concho
2016,TX,Cooke
2016,TX,Coryell
2016,TX,Cottle
2016,TX,Crane
2016,TX,Crockett
2016,TX,Crosby
2016,TX,Culberson
2016,TX,Dallam
2016,TX,Dallas
2016,TX,Dawson
2016,TX,Deaf Smith
2016,TX,Delta
2016,TX,Denton
2016,TX,Dewitt
2016,TX,Dickens
2016,TX,Dimmit
2016,TX,Donley
2016,TX,Duval
2016,TX,Eastland
2016,TX,Ector
2016,TX,Edwards
2016,TX,Ellis
2016,TX,El Paso
2016,TX,Erath
2016,TX,Falls
2016,TX,Fannin
2016,TX,Fayette
2016,TX,Fisher
2016,TX,Floyd
2016,TX,Foard
2016,TX,Fort Bend
2016,TX,Franklin
2016,TX,Freestone
2016,TX,Frio
2016,TX,Gaines
2016,TX,Galveston
2016,TX,Garza
2016,TX,Gillespie
2016,TX,Glasscock
2016,TX,Goliad
2016,TX,Gonzales
2016,TX,Gray
2016,TX,Grayson
2016,TX,Gregg
2016,TX,Grimes
2016,TX,Guadalupe
2016,TX,Hale
2016,TX,Hall
2016,TX,Hamilton
2016,TX,Hansford
2016,TX,Hardeman
2016,TX,Hardin
2016,TX,Harris
2016,TX,Harrison
2016,TX,Hartley
2016,TX,Haskell
2016,TX,Hays
2016,TX,Hemphill
2016,TX,Henderson
2016,TX,Hidalgo
2016,TX,Hill
2016,TX,Hockley
2016,TX,Hood
2016,TX,Hopkins
2016,TX,Houston
2016,TX,Howard
2016,TX,Hudspeth
2016,TX,Hunt
2016,TX,Hutchinson
2016,TX,Irion
2016,TX,Jack
2016,TX,Jackson
2016,TX,Jasper
2016,TX,Jeff Davis
2016,TX,Jefferson
2016,TX,Jim Hogg
2016,TX,Jim Wells
2016,TX,Johnson
2016,TX,Jones
2016,TX,Karnes
2016,TX,Kaufman
2016,TX,Kendall
2016,TX,Kenedy
2016,TX,Kent
2016,TX,Kerr
2016,TX,Kimble
2016,TX,King
2016,TX,Kinney
2016,TX,Kleberg
2016,TX,Knox
2016,TX,Lamar
2016,TX,Lamb
2016,TX,Lampasas
2016,TX,La Salle
2016,TX,Lavaca
2016,TX,Lee
2016,TX,Leon
2016,TX,Liberty
2016,TX,Limestone
2016,TX,Lipscomb
2016,TX,Live Oak
2016,TX,Llano
2016,TX,Loving
2016,TX,Lubbock
2016,TX,Lynn
2016,TX,McCulloch
2016,TX,McLennan
2016,TX,McMullen
2016,TX,Madison
2016,TX,Marion
2016,TX,Martin
2016,TX,Mason
2016,TX,Matagorda
2016,TX,Maverick
2016,TX,Medina
2016,TX,Menard
2016,TX,Midland
2016,TX,Milam
2016,TX,Mills
2016,TX,Mitchell
2016,TX,Montague
2016,TX,Montgomery
2016,TX,Moore
2016,TX,Morris
2016,TX,Motley
2016,TX,Nacogdoches
2016,TX,Navarro
2016,TX,Newton
2016,TX,Nolan
2016,TX,Nueces
2016,TX,Ochiltree
2016,TX,Oldham
2016,TX,Orange
2016,TX,Palo Pinto
2016,TX,Panola
2016,TX,Parker
2016,TX,Parmer
2016,TX,Pecos
2016,TX,Polk
2016,TX,Potter
2016,TX,Presidio
2016,TX,Rains
2016,TX,Randall
2016,TX,Reagan
2016,TX,Real
2016,TX,Red River
2016,TX,Reeves
2016,TX,Refugio
2016,TX,Roberts
2016,TX,Robertson
2016,TX,Rockwall
2016,TX,Runnels
2016,TX,Rusk
2016,TX,Sabine
2016,TX,San Augustine
2016,TX,San Jacinto
2016,TX,San Patricio
2016,TX,San Saba
2016,TX,Schleicher
2016,TX,Scurry
2016,TX,Shackelford
2016,TX,Shelby
2016,TX,Sherman
2016,TX,Smith
2016,TX,Somervell
2016,TX,Starr
2016,TX,Stephens
2016,TX,Sterling
2016,TX,Stonewall
2016,TX,Sutton
2016,TX,Swisher
2016,TX,Tarrant
2016,TX,Taylor
2016,TX,Terrell
2016,TX,Terry
2016,TX,Throckmorton
2016,TX,Titus
2016,TX,Tom Green
2016,TX,Travis
2016,TX,Trinity
2016,TX,Tyler
2016,TX,Upshur
2016,TX,Upton
2016,TX,Uvalde
2016,TX,Val Verde
2016,TX,Van Zandt
2016,TX,Victoria
2016,TX,Walker
2016,TX,Waller
2016,TX,Ward
2016,TX,Washington
2016,TX,Webb
2016,TX,Wharton
2016,TX,Wheeler
2016,TX,Wichita
2016,TX,Wilbarger
2016,TX,Willacy
2016,TX,Williamson
2016,TX,Wilson
2016,TX,Winkler
2016,TX,Wise
2016,TX,Wood
2016,TX,Yoakum
2016,TX,Young
2016,TX,Zapata
2016,TX,Zavala
2016,UT,Beaver
2016,UT,Box Elder
2016,UT,Cache
2016,UT,Carbon
2016,UT,Daggett
2016,UT,Davis
2016,UT,Duchesne
2016,UT,Emery
2016,UT,Garfield
2016,UT,Grand
2016,UT,Iron
2016,UT,Juab
2016,UT,Kane
2016,UT,Millard
2016,UT,Morgan
2016,UT,Piute
2016,UT,Rich
2016,UT,Salt Lake
2016,UT,San Juan
2016,UT,Sanpete
2016,UT,Sevier
2016,UT,Summit
2016,UT,Tooele
2016,UT,Uintah
2016,UT,Utah
2016,UT,Wasatch
2016,UT,Washington
2016,UT,Wayne
2016,UT,Weber
2016,VT,Addison
2016,VT,Bennington
2016,VT,Caledonia
2016,VT,Chittenden
2016,VT,Essex
2016,VT,Franklin
2016,VT,Grand Isle
2016,VT,Lamoille
2016,VT,Orange
2016,VT,Orleans
2016,VT,Rutland
2016,VT,Washington
2016,VT,Windham
2016,VT,Windsor
2016,VA,Accomack
2016,VA,Albemarle
2016,VA,Alleghany
2016,VA,Amelia
2016,VA,Amherst
2016,VA,Appomattox
2016,VA,Arlington
2016,VA,Augusta
2016,VA,Bath
2016,VA,Bedford
2016,VA,Bland
2016,VA,Botetourt
2016,VA,Brunswick
2016,VA,Buchanan
2016,VA,Buckingham
2016,VA,Campbell
2016,VA,Caroline
2016,VA,Carroll
2016,VA,Charles City
2016,VA,Charlotte
2016,VA,Chesterfield
2016,VA,Clarke
2016,VA,Craig
2016,VA,Culpeper
2016,VA,Cumberland
2016,VA,Dickenson
2016,VA,Dinwiddie
2016,VA,Essex
2016,VA,Fairfax
2016,VA,Fauquier
2016,VA,Floyd
2016,VA,Fluvanna
2016,VA,Franklin
2016,VA,Frederick
2016,VA,Giles
2016,VA,Gloucester
2016,VA,Goochland
2016,VA,Grayson
2016,VA,Greene
2016,VA,Greensville
2016,VA,Halifax
2016,VA,Hanover
2016,VA,Henrico
2016,VA,Henry
2016,VA,Highland
2016,VA,Isle of Wight
2016,VA,James City
2016,VA,King and Queen
2016,VA,King George
2016,VA,King William
2016,VA,Lancaster
2016,VA,Lee
2016,VA,Loudoun
2016,VA,Louisa
2016,VA,Lunenburg
2016,VA,Madison
2016,VA,Mathews
2016,VA,Mecklenburg
2016,VA,Middlesex
2016,VA,Montgomery
2016,VA,Nelson
2016,VA,New Kent
2016,VA,Northampton
2016,VA,Northumberland
2016,VA,Nottoway
2016,VA,Orange
2016,VA,Page
2016,VA,Patrick
2016,VA,Pittsylvania
2016,VA,Powhatan
2016,VA,Prince Edward
2016,VA,Prince George
2016,VA,Prince William
2016,VA,Pulaski
2016,VA,Rappahannock
2016,VA,Richmond
2016,VA,Roanoke
2016,VA,Rockbridge
2016,VA,Rockingham
2016,VA,Russell
2016,VA,Scott
2016,VA,Shenandoah
2016,VA,Smyth
2016,VA,Southampton
2016,VA,Spotsylvania
2016,VA,Stafford
2016,VA,Surry
2016,VA,Sussex
2016,VA,Tazewell
2016,VA,Warren
2016,VA,Washington
2016,VA,Westmoreland
2016,VA,Wise
2016,VA,Wythe
2016,VA,York
2016,VA,Alexandria
2016,VA,Bristol
2016,VA,Buena Vista
2016,VA,Charlottesville
2016,VA,Chesapeake
2016,VA,Colonial Heights
2016,VA,Covington
2016,VA,Danville
2016,VA,Emporia
2016,VA,Falls Church
2016,VA,Fredericksburg
2016,VA,Galax
2016,VA,Hampton
2016,VA,Harrisonburg
2016,VA,Hopewell
2016,VA,Lexington
2016,VA,Lynchburg
2016,VA,Manassas
2016,VA,Manassas Park
2016,VA,Martinsville
2016,VA,Newport News
2016,VA,Norfolk
2016,VA,Norton
2016,VA,Petersburg
2016,VA,Poquoson
2016,VA,Portsmouth
2016,VA,Radford
2016,VA,Salem
2016,VA,Staunton
2016,VA,Suffolk
2016,VA,Virginia Beach
2016,VA,Waynesboro
2016,VA,Williamsburg
2016,VA,Winchester
2016,WA,Adams
2016,WA,Asotin
2016,WA,Benton
2016,WA,Chelan
2016,WA,Clallam
2016,WA,Clark
2016,WA,Columbia
2016,WA,Cowlitz
2016,WA,Douglas
2016,WA,Ferry
2016,WA,Franklin
2016,WA,Garfield
2016,WA,Grant
2016,WA,Grays Harbor
2016,WA,Island
2016,WA,Jefferson
2016,WA,King
2016,WA,Kitsap
2016,WA,Kittitas
2016,WA,Klickitat
2016,WA,Lewis
2016,WA,Lincoln
2016,WA,Mason
2016,WA,Okanogan
2016,WA,Pacific
2016,WA,Pend Oreille
2016,WA,Pierce
2016,WA,San Juan
2016,WA,Skagit
2016,WA,Skamania
2016,WA,Snohomish
2016,WA,Spokane
2016,WA,Stevens
2016,WA,Thurston
2016,WA,Wahkiakum
2016,WA,Walla Walla
2016,WA,Whatcom
2016,WA,Whitman
2016,WA,Yakima
2016,WV,Barbour
2016,WV,Berkeley
2016,WV,Boone
2016,WV,Braxton
2016,WV,Brooke
2016,WV,Cabell
2016,WV,Calhoun
2016,WV,Clay
2016,WV,Doddridge
2016,WV,Fayette
2016,WV,Gilmer
2016,WV,Grant
2016,WV,Greenbrier
2016,WV,Hampshire
2016,WV,Hancock
2016,WV,Hardy
2016,WV,Harrison
2016,WV,Jackson
2016,WV,Jefferson
2016,WV,Kanawha
2016,WV,Lewis
2016,WV,Lincoln
2016,WV,Logan
2016,WV,McDowell
2016,WV,Marion
2016,WV,Marshall
2016,WV,Mason
2016,WV,Mercer
2016,WV,Mineral
2016,WV,Mingo
2016,WV,Monongalia
2016,WV,Monroe
2016,WV,Morgan
2016,WV,Nicholas
2016,WV,Ohio
2016,WV,Pendleton
2016,WV,Pleasants
2016,WV,Pocahontas
2016,WV,Preston
2016,WV,Putnam
2016,WV,Raleigh
2016,WV,Randolph
2016,WV,Ritchie
2016,WV,Roane
2016,WV,Summers
2016,WV,Taylor
2016,WV,Tucker
2016,WV,Tyler
2016,WV,Upshur
2016,WV,Wayne
2016,WV,Webster
2016,WV,Wetzel
2016,WV,Wirt
2016,WV,Wood
2016,WV,Wyoming
2016,WI,Adams
2016,WI,Ashland
2016,WI,Barron
2016,WI,Bayfield
2016,WI,Brown
2016,WI,Buffalo
2016,WI,Burnett
2016,WI,Calumet
2016,WI,Chippewa
2016,WI,Clark
2016,WI,Columbia
2016,WI,Crawford
2016,WI,Dane
2016,WI,Dodge
2016,WI,Door
2016,WI,Douglas
2016,WI,Dunn
2016,WI,Eau Claire
2016,WI,Florence
2016,WI,Fond du Lac
2016,WI,Forest
2016,WI,Grant
2016,WI,Green
2016,WI,Green Lake
2016,WI,Iowa
2016,WI,Iron
2016,WI,Jackson
2016,WI,Jefferson
2016,WI,Juneau
2016,WI,Kenosha
2016,WI,Kewaunee
2016,WI,La Crosse
2016,WI,Lafayette
2016,WI,Langlade
2016,WI,Lincoln
2016,WI,Manitowoc
2016,WI,Marathon
2016,WI,Marinette
2016,WI,Marquette
2016,WI,Menominee
2016,WI,Milwaukee
2016,WI,Monroe
2016,WI,Oconto
2016,WI,Oneida
2016,WI,Outagamie
2016,WI,Ozaukee
2016,WI,Pepin
2016,WI,Pierce
2016,WI,Polk
2016,WI,Portage
2016,WI,Price
2016,WI,Racine
2016,WI,Richland
2016,WI,Rock
2016,WI,Rusk
2016,WI,St. Croix
2016,WI,Sauk
2016,WI,Sawyer
2016,WI,Shawano
2016,WI,Sheboygan
2016,WI,Taylor
2016,WI,Trempealeau
2016,WI,Vernon
2016,WI,Vilas
2016,WI,Walworth
2016,WI,Washburn
2016,WI,Washington
2016,WI,Waukesha
2016,WI,Waupaca
2016,WI,Waushara
2016,WI,Winnebago
2016,WI,Wood
2016,WY,Albany
2016,WY,Big Horn
2016,WY,Campbell
2016,WY,Carbon
2016,WY,Converse
2016,WY,Crook
2016,WY,Fremont
2016,WY,Goshen
2016,WY,Hot Springs
2016,WY,Johnson
2016,WY,Laramie
2016,WY,Lincoln
2016,WY,Natrona
2016,WY,Niobrara
2016,WY,Park
2016,WY,Platte
2016,WY,Sheridan
2016,WY,Sublette
2016,WY,Sweetwater
2016,WY,Teton
2016,WY,Uinta
2016,WY,Washakie
2016,WY,Weston
